<?xml version="1.0" encoding="UTF-8"?>
<project-private xmlns="http://www.netbeans.org/ns/project-private/1">
    <editor-bookmarks xmlns="http://www.netbeans.org/ns/editor-bookmarks/2" lastBookmarkId="0"/>
    <open-files xmlns="http://www.netbeans.org/ns/projectui-open-files/2">
        <group>
            <file>file:/C:/Users/ADMIN/Documents/NetBeansProjects/Nutritrackproject/src/nutritrackproject/UserRegForm.java</file>
            <file>file:/C:/Users/ADMIN/Documents/NetBeansProjects/Nutritrackproject/src/nutritrackproject/MainForm.java</file>
            <file>file:/C:/Users/ADMIN/Documents/NetBeansProjects/Nutritrackproject/src/nutritrackproject/UserLoginForm.java</file>
            <file>file:/C:/Users/ADMIN/Documents/NetBeansProjects/Nutritrackproject/src/nutritrackproject/ViewDietPlan.java</file>
            <file>file:/C:/Users/ADMIN/Documents/NetBeansProjects/Nutritrackproject/src/nutritrackproject/Nutritrackproject.java</file>
            <file>file:/C:/Users/ADMIN/Documents/NetBeansProjects/Nutritrackproject/src/nutritrackproject/AddDietPlan.java</file>
            <file>file:/C:/Users/ADMIN/Documents/NetBeansProjects/Nutritrackproject/src/nutritrackproject/AdminLoginForm.java</file>
        </group>
    </open-files>
</project-private>
